Title	Franchise	Format	Genres	Era	Links
"=""The 100"""	"="""""	"=""series"""	"=""adventure, science fiction, space"""	"=""2016-"""	"=""https://en.wikipedia.org/wiki/The_100_(TV_series), https://tv.apple.com/us/show/the-100/umc.cmc.3vq452bru4dywi1y0fzildivg"""
"=""11.22.63"""	"="""""	"=""miniseries"""	"=""science fiction, suspense, time travel"""	"=""2016"""	"=""https://en.wikipedia.org/wiki/11.22.63, https://tv.apple.com/us/show/112263/umc.cmc.42qftyqoh6tdjzh8c38zph6zu"""
"=""12 Monkeys"""	"="""""	"=""movie"""	"=""science fiction, time travel"""	"=""1995"""	"=""https://en.wikipedia.org/wiki/12_Monkeys, https://tv.apple.com/us/movie/twelve-monkeys/umc.cmc.49nuxpa3uc9ezls951h0ra32r"""
"=""2001: A Space Odyssey"""	"="""""	"=""movie"""	"=""science fiction, suspense, space"""	"=""1968"""	"=""https://en.wikipedia.org/wiki/2001:_A_Space_Odyssey_(film), https://tv.apple.com/us/movie/2001-a-space-odyssey/umc.cmc.1au04fbnh3q5i2p6sy0ik4rkz"""
"=""2012"""	"="""""	"=""movie"""	"=""action, adventure, disaster"""	"=""2009"""	"=""https://en.wikipedia.org/wiki/2012_(film), https://tv.apple.com/us/movie/2012/umc.cmc.2wq140jo9jd1ut59m0cfukrit"""
"=""28 Days Later"""	"="""""	"=""movie"""	"=""horror, zombies"""	"=""2002"""	"=""https://en.wikipedia.org/wiki/28_Days_Later, https://tv.apple.com/us/movie/28-days-later/umc.cmc.6o1742rqdwxl2dxav5trdajut"""
"=""48 Hours"""	"="""""	"=""series"""	"=""crime, documentary, mystery, nonfiction"""	"=""1988-"""	"=""https://en.wikipedia.org/wiki/48_Hours_(TV_program), https://tv.apple.com/us/show/48-hours/umc.cmc.71byb4ok9gh8268a11usep38c"""
"=""The A-Team"""	"=""The A-Team"""	"=""movie"""	"=""action, adventure, war"""	"=""2010"""	"=""https://en.wikipedia.org/wiki/The_A-Team_(film), https://tv.apple.com/us/movie/the-a-team/umc.cmc.6w55z4oa8rzkvk5dsqdkeyoxc"""
"=""The A-Team"""	"=""The A-Team"""	"=""series"""	"=""action, adventure, war"""	"=""1983-1987"""	"=""https://en.wikipedia.org/wiki/The_A-Team, https://tv.apple.com/us/show/the-a-team/umc.cmc.2spyyucxoot0t6e8av1ftv3cw"""
"=""The Affair"""	"="""""	"=""series"""	"=""drama, mystery, suspense"""	"=""2014-2019"""	"=""https://en.wikipedia.org/wiki/The_Affair_(TV_series), https://tv.apple.com/us/show/the-affair/umc.cmc.7i7fj0cd4huwtfhz1gf52sapu"""
"=""Akira"""	"="""""	"=""movie"""	"=""animation, anime, science fiction"""	"=""1988"""	"=""https://en.wikipedia.org/wiki/Akira_(1988_film), https://tv.apple.com/us/show/akira/umc.cmc.2y1oulkxinz1v3hmpy6crj734"""
"=""The Americans"""	"="""""	"=""series"""	"=""espionage, suspense"""	"=""2013-2018"""	"=""https://en.wikipedia.org/wiki/The_Americans, https://tv.apple.com/us/show/the-americans/umc.cmc.340taqazvog69k9m39r8atmpr"""
"=""Ant-Man"""	"=""Ant-Man"""	"=""movie"""	"=""action, comedy, superheroes"""	"=""2015"""	"=""https://en.wikipedia.org/wiki/Ant-Man_(film), https://tv.apple.com/us/movie/ant-man/umc.cmc.5v0c1mtw53zkyw8a0hf8xglwm"""
"=""Ant-Man and the Wasp"""	"=""Ant-Man"""	"=""movie"""	"=""action, comedy, superheroes"""	"=""2018"""	"=""https://en.wikipedia.org/wiki/Ant-Man_and_the_Wasp, https://tv.apple.com/us/movie/ant-man-and-the-wasp/umc.cmc.14uirj9rqpjg8prk3joqzfaif"""
"=""Arrested Development"""	"="""""	"=""series"""	"=""comedy"""	"=""2003-2006"""	"=""https://en.wikipedia.org/wiki/Arrested_Development, https://tv.apple.com/us/show/arrested-development/umc.cmc.2o9q1cdgu5880nfjtystky5pz"""
"=""Atlanta"""	"="""""	"=""series"""	"=""comedy, drama"""	"=""2016-"""	"=""https://en.wikipedia.org/wiki/Atlanta_(TV_series), https://tv.apple.com/us/show/atlanta/umc.cmc.4f0v8wi48lo6achj9447h755z"""
"=""Back to the Future"""	"=""Back to the Future"""	"=""movie"""	"=""adventure, high school, science fiction, time travel"""	"=""1985"""	"=""https://en.wikipedia.org/wiki/Back_to_the_Future, https://tv.apple.com/us/movie/back-to-the-future/umc.cmc.1alygfljzpxrofhgpoa6mmjnb"""
"=""Back to the Future Part II"""	"=""Back to the Future"""	"=""movie"""	"=""adventure, high school, science fiction, time travel"""	"=""1989"""	"=""https://en.wikipedia.org/wiki/Back_to_the_Future_Part_II, https://tv.apple.com/us/movie/back-to-the-future-part-ii/umc.cmc.5voem26uknighvs9ac01dku4y"""
"=""Bad Moms"""	"="""""	"=""movie"""	"=""comedy, romance"""	"=""2016"""	"=""https://en.wikipedia.org/wiki/Bad_Moms, https://tv.apple.com/us/movie/bad-moms/umc.cmc.577lmv8bmz4owi2udsf7unz7n"""
"=""Barry"""	"="""""	"=""series"""	"=""action, comedy, crime"""	"=""2018-"""	"=""https://en.wikipedia.org/wiki/Barry_(TV_series), https://tv.apple.com/us/show/barry/umc.cmc.21slh4r60chyyd4cbwimo9hxk"""
"=""Batman Begins"""	"=""The Dark Knight"""	"=""movie"""	"=""action, superheroes"""	"=""2005"""	"=""https://en.wikipedia.org/wiki/Batman_Begins, https://tv.apple.com/us/movie/batman-begins/umc.cmc.3hb1d6tch6co0qrrcbmleflf2"""
"=""Battlestar Galactica"""	"=""Battlestar Galactica"""	"=""series"""	"=""science fiction, space"""	"=""2004-2009"""	"=""https://en.wikipedia.org/wiki/Battlestar_Galactica_(2004_TV_series), https://tv.apple.com/us/show/battlestar-galactica/umc.cmc.5yjjly03omplqewo2v28t03x"""
"=""Better Off Dead"""	"="""""	"=""movie"""	"=""comedy, high school, romance"""	"=""1985"""	"=""https://en.wikipedia.org/wiki/Better_Off_Dead_(film)"""
"=""The Big Lebowski"""	"="""""	"=""movie"""	"=""comedy, crime, mystery"""	"=""1998"""	"=""https://en.wikipedia.org/wiki/The_Big_Lebowski, https://tv.apple.com/us/movie/the-big-lebowski/umc.cmc.3ev2yyf8c4chboxiibx165ysv"""
"=""Big Little Lies"""	"="""""	"=""series"""	"=""drama, suspense"""	"=""2017-"""	"=""https://en.wikipedia.org/wiki/Big_Little_Lies_(TV_series), https://tv.apple.com/us/show/big-little-lies/umc.cmc.5kua2qrt76zvlhbyfzwkfhdkv"""
"=""Big Trouble"""	"="""""	"=""movie"""	"=""action, comedy, crime"""	"=""2002"""	"=""https://en.wikipedia.org/wiki/Big_Trouble_(2002_film), https://tv.apple.com/us/movie/big-trouble/umc.cmc.4q89ktwfecf8mxhkc0xim4kln"""
"=""Big Trouble in Little China"""	"="""""	"=""movie"""	"=""action, adventure, kung fu"""	"=""1986"""	"=""https://en.wikipedia.org/wiki/Big_Trouble_in_Little_China, https://tv.apple.com/us/movie/big-trouble-in-little-china/umc.cmc.6vu2e5x2sn7j7ubkfqikcv5wl"""
"=""Bill & Ted's Bogus Journey"""	"=""Bill & Ted"""	"=""movie"""	"=""adventure, high school, science fiction, time travel"""	"=""1991"""	"=""https://en.wikipedia.org/wiki/Bill_%26_Ted%27s_Bogus_Journey, https://tv.apple.com/us/movie/bill--teds-bogus-journey/umc.cmc.4n29bl1hd6acc3epvgeaizwrl"""
"=""Bill & Ted's Excellent Adventure"""	"=""Bill & Ted"""	"=""movie"""	"=""adventure, high school, science fiction, time travel"""	"=""1989"""	"=""https://en.wikipedia.org/wiki/Bill_%26_Ted%27s_Excellent_Adventure, https://tv.apple.com/us/movie/bill--teds-excellent-adventure/umc.cmc.3mvxc5uxtypla17qit0d1wvq7"""
"=""Blade Runner"""	"="""""	"=""movie"""	"=""science fiction, suspense"""	"=""1982"""	"=""https://en.wikipedia.org/wiki/Blade_Runner, https://tv.apple.com/us/movie/blade-runner-the-final-cut/umc.cmc.2f7fxf8y3u7yidd1b24vm65hv"""
"=""Bloodline"""	"="""""	"=""series"""	"=""drama, suspense"""	"=""2015-2017"""	"=""https://en.wikipedia.org/wiki/Bloodline_(TV_series), https://tv.apple.com/us/show/bloodline/umc.cmc.4iw0iuc0bwgnum7nozikmdsts"""
"=""Boardwalk Empire"""	"="""""	"=""series"""	"=""crime"""	"=""2010-2014"""	"=""https://en.wikipedia.org/wiki/Boardwalk_Empire, https://tv.apple.com/us/show/boardwalk-empire/umc.cmc.1bz1xc1osby6lhbabutcm3jqg"""
"=""Bosch"""	"="""""	"=""series"""	"=""crime, mystery"""	"=""2014-"""	"=""https://en.wikipedia.org/wiki/Bosch_(TV_series), https://www.amazon.com/Bosch-Season-1/dp/B00I3MMLHC"""
"=""The Bourne Identity"""	"="""""	"=""movie"""	"=""action, conspiracy, espionage"""	"=""2002"""	"=""https://en.wikipedia.org/wiki/The_Bourne_Identity_(2002_film), https://tv.apple.com/us/movie/the-bourne-identity/umc.cmc.6zfr90m4ghv0pt4l4nsfrm40d"""
"=""Brazil"""	"="""""	"=""movie"""	"=""politics, science fiction"""	"=""1985"""	"=""https://en.wikipedia.org/wiki/Brazil_(1985_film), https://tv.apple.com/us/movie/brazil/umc.cmc.25tn9231aa7mzrvk4y5ssijqj"""
"=""The Breakfast Club"""	"="""""	"=""movie"""	"=""comedy, high school"""	"=""1985"""	"=""https://en.wikipedia.org/wiki/The_Breakfast_Club, https://tv.apple.com/us/movie/the-breakfast-club/umc.cmc.1gjwhsujjtm7lpbghuwru7l6m"""
"=""Briarpatch"""	"="""""	"=""miniseries"""	"=""mystery, suspense"""	"=""2020"""	"=""https://en.wikipedia.org/wiki/Briarpatch_(TV_series), https://tv.apple.com/us/show/briarpatch/umc.cmc.68q537nura0yjeaywhnqf8kan"""
"=""Broad City"""	"="""""	"=""series"""	"=""comedy"""	"=""2014-2019"""	"=""https://en.wikipedia.org/wiki/Broad_City, https://tv.apple.com/us/show/broad-city/umc.cmc.55ctb9mbo8oa75mc15yxn4t7j"""
"=""Broadchurch"""	"="""""	"=""series"""	"=""crime, mystery"""	"=""2013-2017"""	"=""https://en.wikipedia.org/wiki/Broadchurch, https://tv.apple.com/us/show/broadchurch/umc.cmc.5lsk9yib1c6j10up9cohsocdr"""
"=""Bullitt"""	"="""""	"=""movie"""	"=""action, crime, mystery"""	"=""1968"""	"=""https://en.wikipedia.org/wiki/Bullitt, https://tv.apple.com/us/movie/bullitt/umc.cmc.47iu9prcc4cgiy86vxiox6kjt"""
"=""Cabin in the Woods"""	"="""""	"=""movie"""	"=""comedy, horror, monsters"""	"=""2002"""	"=""https://en.wikipedia.org/wiki/The_Cabin_in_the_Woods, https://tv.apple.com/us/movie/the-cabin-in-the-woods/umc.cmc.6sjabj6xhuvkreckrjmwyvers"""
"=""Caddyshack"""	"="""""	"=""movie"""	"=""comedy"""	"=""1980"""	"=""https://en.wikipedia.org/wiki/Caddyshack, https://tv.apple.com/us/movie/caddyshack/umc.cmc.1r9g1zp96cy5hozzggnfi0jjo"""
"=""Californication"""	"="""""	"=""series"""	"=""comedy, drama"""	"=""2007-2014"""	"=""https://en.wikipedia.org/wiki/Californication_(TV_series), https://tv.apple.com/us/show/californication/umc.cmc.t71eiipvy455g5wno7chtp9n"""
"=""Can't Buy Me Love"""	"="""""	"=""movie"""	"=""comedy, high school, romance"""	"=""1987"""	"=""https://en.wikipedia.org/wiki/Can%27t_Buy_Me_Love_(film), https://tv.apple.com/us/movie/cant-buy-me-love/umc.cmc.6n6pmk97cdtffffzbr2sxxern"""
"=""Caprica"""	"=""Battlestar Galactica"""	"=""series"""	"=""science fiction, suspense"""	"=""2010"""	"=""https://en.wikipedia.org/wiki/Caprica, https://tv.apple.com/us/show/caprica/umc.cmc.p1rahben2ra1x0bojl1691v"""
"=""Castle Rock"""	"="""""	"=""series"""	"=""horror, suspense"""	"=""2018-2019"""	"=""https://en.wikipedia.org/wiki/Castle_Rock_(TV_series), https://tv.apple.com/us/show/castle-rock/umc.cmc.5bo3i2losww73nt5bnnn2c0a0"""
"=""Central Intelligence"""	"="""""	"=""movie"""	"=""action, comedy, espionage, high school"""	"=""2016"""	"=""https://en.wikipedia.org/wiki/Central_Intelligence, https://tv.apple.com/us/movie/central-intelligence/umc.cmc.7iaqfisrbpgdnndjzswarz7xs"""
"=""Chapelle's Show"""	"="""""	"=""series"""	"=""comedy, sketch"""	"=""2003-2006"""	"=""https://en.wikipedia.org/wiki/Chappelle%27s_Show, https://tv.apple.com/us/show/chappelles-show/umc.cmc.6cveyxush75zzufzr5w0gbnwq"""
"=""A Christmas Story"""	"="""""	"=""movie"""	"=""christmas, comedy"""	"=""1983"""	"=""https://en.wikipedia.org/wiki/A_Christmas_Story, https://tv.apple.com/us/movie/a-christmas-story/umc.cmc.7taqrdceohmnxmly00wtq42p"""
"=""City Confidential"""	"="""""	"=""series"""	"=""crime, documentary, nonfiction"""	"=""1998-2005"""	"=""https://en.wikipedia.org/wiki/City_Confidential"""
"=""Close Encounters of the Third Kind"""	"="""""	"=""movie"""	"=""aliens, science fiction"""	"=""1977"""	"=""https://en.wikipedia.org/wiki/Close_Encounters_of_the_Third_Kind, https://tv.apple.com/us/movie/close-encounters-of-the-third-kind/umc.cmc.5iv4rqzo9gknjzkt1jj90cjsd"""
"=""Clueless"""	"="""""	"=""movie"""	"=""comedy, high school"""	"=""1995"""	"=""https://en.wikipedia.org/wiki/Clueless_(film), https://tv.apple.com/us/movie/clueless/umc.cmc.65fz9a9ilhwcb3jh08qyi0nqh"""
"=""Community"""	"="""""	"=""series"""	"=""comedy"""	"=""2009-2015"""	"=""https://en.wikipedia.org/wiki/Community_(TV_series), https://tv.apple.com/us/show/community/umc.cmc.4nernxq22u93vwrjpt6kfk3m5"""
"=""Cool Hand Luke"""	"="""""	"=""movie"""	"=""drama, politics, prison"""	"=""1967"""	"=""https://en.wikipedia.org/wiki/Cool_Hand_Luke, https://tv.apple.com/us/movie/cool-hand-luke/umc.cmc.31ec45ekyz6w2ac9m4a6zdx6m"""
"=""The Cry"""	"="""""	"=""miniseries"""	"=""drama, mystery, suspense"""	"=""2018"""	"=""https://en.wikipedia.org/wiki/The_Cry_(miniseries), https://tv.apple.com/us/show/the-cry/umc.cmc.15ull5qr0xtcrfznndl1o2pps"""
"=""Curb Your Enthusiasm"""	"="""""	"=""series"""	"=""comedy"""	"=""2000-2020"""	"=""https://en.wikipedia.org/wiki/Curb_Your_Enthusiasm, https://tv.apple.com/us/show/curb-your-enthusiasm/umc.cmc.4koxxcdkbia1pne6zkt72mhva"""
"=""Daredevil"""	"=""Daredevil"""	"=""series"""	"=""action, superheroes"""	"=""2015-2018"""	"=""https://en.wikipedia.org/wiki/Daredevil_(TV_series), https://tv.apple.com/us/show/marvels-daredevil/umc.cmc.1b5xq7ok0kvsa3uelan6roj6v"""
"=""The Dark Knight"""	"=""The Dark Knight"""	"=""movie"""	"=""action, superheroes"""	"=""2008"""	"=""https://en.wikipedia.org/wiki/The_Dark_Knight_(film), https://tv.apple.com/us/movie/the-dark-knight/umc.cmc.6os3y5m6ex16n4yhfzb2d501e"""
"=""The Dark Knight Rises"""	"=""The Dark Knight"""	"=""movie"""	"=""action, superheroes"""	"=""2012"""	"=""https://en.wikipedia.org/wiki/The_Dark_Knight_Rises, https://tv.apple.com/us/movie/the-dark-knight-rises/umc.cmc.4chkhft26y3bhfxrtfjemtp2c"""
"=""Dateline"""	"="""""	"=""series"""	"=""crime, documentary, mystery, nonfiction"""	"=""1992-"""	"=""https://en.wikipedia.org/wiki/Dateline_NBC"""
"=""Dawn of the Dead"""	"="""""	"=""movie"""	"=""horror, zombies"""	"=""1978"""	"=""https://en.wikipedia.org/wiki/Dawn_of_the_Dead_(1978_film)"""
"=""Devs"""	"="""""	"=""miniseries"""	"=""espionage, mystery, suspense, science fiction"""	"=""2020"""	"=""https://en.wikipedia.org/wiki/Devs, https://tv.apple.com/us/show/devs/umc.cmc.ggsldeofp8msuxqwfw7gevbd"""
"=""Dexter"""	"="""""	"=""series"""	"=""horror, suspense"""	"=""2006-2013"""	"=""https://en.wikipedia.org/wiki/Dexter_(TV_series), https://tv.apple.com/us/show/dexter/umc.cmc.2w8cp3aur89y8id4cfk2engfu"""
"=""Die Hard"""	"="""""	"=""movie"""	"=""action, christmas"""	"=""1988"""	"=""https://en.wikipedia.org/wiki/Die_Hard, https://tv.apple.com/us/movie/die-hard/umc.cmc.57svcvuwx4wqhmdi9ok0p6wef"""
"=""Dirty John"""	"="""""	"=""series"""	"=""drama, suspense"""	"=""2018-"""	"=""https://en.wikipedia.org/wiki/Dirty_John_(TV_series), https://tv.apple.com/us/show/dirty-john/umc.cmc.5i45snn6mm10jnpu3vjwgidkx"""
"=""Donnie Darko"""	"="""""	"=""movie"""	"=""disaster, drama, science fiction, suspense"""	"=""2001"""	"=""https://en.wikipedia.org/wiki/Donnie_Darko, https://tv.apple.com/us/movie/donnie-darko/umc.cmc.24y30l8bjxji8iel2ldzitj62"""
"=""Doom Patrol"""	"="""""	"=""series"""	"=""drama, superheroes"""	"=""2019-"""	"=""https://en.wikipedia.org/wiki/Doom_Patrol_(TV_series), https://tv.apple.com/us/show/doom-patrol/umc.cmc.56oudgovxclsp7s4q34mvtf64"""
"=""Dr. Strangelove"""	"="""""	"=""movie"""	"=""comedy, politics, war"""	"=""1964"""	"=""https://en.wikipedia.org/wiki/Dr._Strangelove, https://tv.apple.com/us/movie/dr-strangelove-or-how-i-learned-to-stop-worrying-and-love-the-bomb/umc.cmc.5ljuxkgsnadlgpbjkpyb39zhf"""
"=""Drive Me Crazy"""	"="""""	"=""movie"""	"=""comedy, high school, romance"""	"=""1999"""	"=""https://en.wikipedia.org/wiki/Drive_Me_Crazy, https://tv.apple.com/us/movie/drive-me-crazy/umc.cmc.3fxifmspxz5e9mdir7jxoy5uh"""
"=""Drunken Master"""	"="""""	"=""movie"""	"=""action, comedy, kung fu"""	"=""1978"""	"=""https://en.wikipedia.org/wiki/Drunken_Master, https://tv.apple.com/us/movie/drunken-master/umc.cmc.1g6u0qin1yv7tw65pay5nrr95"""
"=""Dublin Murders"""	"="""""	"=""series"""	"=""mystery, suspense"""	"=""2019-"""	"=""https://en.wikipedia.org/wiki/Dublin_Murders, https://tv.apple.com/us/show/dublin-murders/umc.cmc.2euccl9zsi9hd1y5eryegesem"""
"=""Eastbound & Down"""	"="""""	"=""series"""	"=""comedy"""	"=""2009-2013"""	"=""https://en.wikipedia.org/wiki/Eastbound_%26_Down, https://tv.apple.com/us/show/eastbound--down/umc.cmc.6xux9ngqqyo91unt128lm0fyb"""
"=""The Empire Strikes Back"""	"=""Star Wars"""	"=""movie"""	"=""science fiction, space"""	"=""1980"""	"=""https://en.wikipedia.org/wiki/The_Empire_Strikes_Back, https://tv.apple.com/us/movie/star-wars-the-empire-strikes-back/umc.cmc.3vabzkcmuoxxm3r3ng9q4rgh9"""
"=""Enter the Dragon"""	"="""""	"=""movie"""	"=""action, kung fu"""	"=""1973"""	"=""https://en.wikipedia.org/wiki/Enter_the_Dragon, https://tv.apple.com/us/movie/enter-the-dragon/umc.cmc.23ih3fvfm4ks50ul8178gcqws"""
"=""The Fall"""	"="""""	"=""series"""	"=""crime, politics, suspense"""	"=""2013-2016"""	"=""https://en.wikipedia.org/wiki/The_Fall_(TV_series), https://tv.apple.com/us/show/the-fall/umc.cmc.6jzfte9sa8kyrc2k05zikflvk"""
"=""Falling Down"""	"="""""	"=""movie"""	"=""crime, suspense"""	"=""1993"""	"=""https://en.wikipedia.org/wiki/Falling_Down, https://tv.apple.com/us/movie/falling-down/umc.cmc.1r822fvuj5yl5amd272dyviqu"""
"=""Fargo"""	"="""""	"=""series"""	"=""comedy, crime"""	"=""2014-"""	"=""https://en.wikipedia.org/wiki/Fargo_(TV_series), https://tv.apple.com/us/show/fargo/umc.cmc.2zs573npbhr5fessb48q5zjfe"""
"=""Fear the Walking Dead"""	"=""The Walking Dead"""	"=""series"""	"=""horror, zombies"""	"=""2015-"""	"=""https://en.wikipedia.org/wiki/Fear_the_Walking_Dead, https://tv.apple.com/us/show/fear-the-walking-dead/umc.cmc.62qslnaw3g07ww2mtqlp3c92h"""
"=""Ferris Bueller's Day Off"""	"="""""	"=""movie"""	"=""comedy, high school"""	"=""1986"""	"=""https://en.wikipedia.org/wiki/Ferris_Bueller%27s_Day_Off, https://tv.apple.com/us/movie/ferris-buellers-day-off/umc.cmc.3ri2g44lv8rk6k16zpdein5x7"""
"=""Fight Club"""	"="""""	"=""movie"""	"=""action, crime, politics"""	"=""1999"""	"=""https://en.wikipedia.org/wiki/Fight_Club, https://tv.apple.com/us/movie/fight-club/umc.cmc.70dbl3043tb6ealg0u12k1pih"""
"=""Finding Carter"""	"="""""	"=""series"""	"=""drama, high school"""	"=""2014-2015"""	"=""https://en.wikipedia.org/wiki/Finding_Carter, https://tv.apple.com/us/show/finding-carter/umc.cmc.1qasmjq5r95yz337di6iue8om"""
"=""Firefly"""	"=""Firefly"""	"=""series"""	"=""science fiction, space, western"""	"=""2002"""	"=""https://en.wikipedia.org/wiki/Firefly_(TV_series), https://tv.apple.com/us/show/firefly/umc.cmc.1997ln2icbn41yvgpxogy7iln"""
"=""The First Purge"""	"=""The Purge"""	"=""movie"""	"=""action, horror, politics"""	"=""2018"""	"=""https://en.wikipedia.org/wiki/The_First_Purge, https://tv.apple.com/us/movie/the-first-purge/umc.cmc.7gv6zt29z4lv0ihxmubcrxr49"""
"=""Fist of Fury"""	"="""""	"=""movie"""	"=""action, kung fu"""	"=""1972"""	"=""https://en.wikipedia.org/wiki/Fist_of_Fury, https://tv.apple.com/us/movie/fist-of-fury/umc.cmc.1zszifqb2kyk1lfqgx7oh1i0j"""
"=""Fletch"""	"="""""	"=""movie"""	"=""adventure, comedy, mystery"""	"=""1985"""	"=""https://en.wikipedia.org/wiki/Fletch_(film), https://tv.apple.com/us/movie/fletch/umc.cmc.32ph55vzt2oc18hea0d0b0o8g"""
"=""The Following"""	"="""""	"=""series"""	"=""crime, suspense"""	"=""2013-2015"""	"=""https://en.wikipedia.org/wiki/The_Following, https://tv.apple.com/us/show/the-following/umc.cmc.4pdv10xghokioxeufk8lelvw0"""
"=""Freaks and Geeks"""	"="""""	"=""series"""	"=""comedy, drama, high school"""	"=""1999-2000"""	"=""https://en.wikipedia.org/wiki/Freaks_and_Geeks"""
"=""Friday the 13th"""	"=""Friday the 13th"""	"=""movie"""	"=""horror, mystery, suspense"""	"=""1980"""	"=""https://en.wikipedia.org/wiki/Friday_the_13th_(1980_film), https://tv.apple.com/us/movie/friday-the-13th/umc.cmc.4cny06c1e312h2mfd2utrtve2"""
"=""Friday the 13th Part 2"""	"=""Friday the 13th"""	"=""movie"""	"=""horror, mystery, suspense"""	"=""1981"""	"=""https://en.wikipedia.org/wiki/Friday_the_13th_Part_2, https://tv.apple.com/us/movie/friday-the-13th-part-2/umc.cmc.4qxudo25e348go1d61sinsz14"""
"=""Fringe"""	"="""""	"=""series"""	"=""conspiracy, monsters, science fiction"""	"=""2008-2013"""	"=""https://en.wikipedia.org/wiki/Fringe_(TV_series), https://tv.apple.com/us/show/fringe/umc.cmc.43ga3zpxgj8x0w2xl0n0d1p2c"""
"=""Futurama"""	"="""""	"=""series"""	"=""animation, comedy, science fiction"""	"=""1999-2013"""	"=""https://en.wikipedia.org/wiki/Futurama, https://tv.apple.com/us/show/futurama/umc.cmc.l1gxucmkpno29c5bum47oxsp"""
"=""Ghostbusters"""	"="""""	"=""movie"""	"=""action, comedy, horror, monsters"""	"=""1984"""	"=""https://en.wikipedia.org/wiki/Ghostbusters, https://tv.apple.com/us/movie/ghostbusters/umc.cmc.68x0l486w0u0qonsxawjuynxk"""
"=""Gleaming the Cube"""	"="""""	"=""movie"""	"=""action, high school, skateboarding"""	"=""1989"""	"=""https://en.wikipedia.org/wiki/Gleaming_the_Cube"""
"=""Goodfellas"""	"="""""	"=""movie"""	"=""crime"""	"=""1990"""	"=""https://en.wikipedia.org/wiki/Goodfellas, https://tv.apple.com/us/movie/goodfellas/umc.cmc.77gvldp7rsv3dl2s6iec16srm"""
"=""The Goonies"""	"="""""	"=""movie"""	"=""adventure, comedy"""	"=""1985"""	"=""https://en.wikipedia.org/wiki/The_Goonies, https://tv.apple.com/us/movie/the-goonies/umc.cmc.2qrqq24aa4jjhqmdl0kr3b6d0"""
"=""Gossip Girl"""	"="""""	"=""series"""	"=""drama, high school, romance"""	"=""2007-2012"""	"=""https://en.wikipedia.org/wiki/Gossip_Girl, https://tv.apple.com/us/show/gossip-girl/umc.cmc.14kescsfj2kiygrlia3ngwejg"""
"=""The Great Escape"""	"="""""	"=""movie"""	"=""politics, prison, war"""	"=""1963"""	"=""https://en.wikipedia.org/wiki/The_Great_Escape_(film), https://tv.apple.com/us/movie/the-great-escape/umc.cmc.25wh6g4f4ayem0ia86iljy3gm"""
"=""Gremlins 2: The New Batch"""	"="""""	"=""movie"""	"=""comedy, horror, monsters"""	"=""1990"""	"=""https://en.wikipedia.org/wiki/Gremlins_2%3A_The_New_Batch, https://tv.apple.com/us/movie/gremlins-2-the-new-batch/umc.cmc.2hnvsetto8ball2d697is2nae"""
"=""Grosse Pointe Blank"""	"="""""	"=""movie"""	"=""action, crime, high school, romance"""	"=""1997"""	"=""https://en.wikipedia.org/wiki/Grosse_Pointe_Blank, https://tv.apple.com/us/movie/grosse-pointe-blank/umc.cmc.10b0xcqq8kiqj113v2fq0ycd"""
"=""Groundhog Day"""	"="""""	"=""movie"""	"=""comedy, fantasy"""	"=""1993"""	"=""https://en.wikipedia.org/wiki/Groundhog_Day_(film), https://tv.apple.com/us/movie/groundhog-day/umc.cmc.1w6jlmh7a3csaxq764zd0b6f0"""
"=""Guardians of the Galaxy"""	"="""""	"=""movie"""	"=""action, science fiction, superheroes"""	"=""2014"""	"=""https://en.wikipedia.org/wiki/Guardians_of_the_Galaxy_(film), https://tv.apple.com/us/movie/guardians-of-the-galaxy/umc.cmc.71igdwen6ko2dlhwaw12vbdh"""
"=""Halloween"""	"=""Halloween"""	"=""movie"""	"=""horror, suspense"""	"=""1978"""	"=""https://en.wikipedia.org/wiki/Halloween_(1978_film), https://tv.apple.com/us/movie/halloween/umc.cmc.3ucmuzhhu97vky5ss9shi57ba"""
"=""Halloween II"""	"=""Halloween"""	"=""movie"""	"=""horror, suspense"""	"=""1981"""	"=""https://en.wikipedia.org/wiki/Halloween_II_(1981_film), https://tv.apple.com/us/movie/halloween-ii/umc.cmc.62emg6t9hc6g8nyh8md4xs0gr"""
"=""Halloween III: Season of the Witch"""	"=""Halloween"""	"=""movie"""	"=""horror, suspense"""	"=""1982"""	"=""https://en.wikipedia.org/wiki/Halloween_III:_Season_of_the_Witch, https://tv.apple.com/us/movie/halloween-iii-season-of-the-witch/umc.cmc.4b12wjiaad2ef9drt3byre9wa"""
"=""Halt and Catch Fire"""	"="""""	"=""series"""	"=""drama"""	"=""2014-2017"""	"=""https://en.wikipedia.org/wiki/Halt_and_Catch_Fire_(TV_series), https://tv.apple.com/us/show/halt-and-catch-fire/umc.cmc.5s15r46uj0wx044tipm2zoh88"""
"=""Happy Death Day"""	"=""Happy Death Day"""	"=""movie"""	"=""comedy, horror"""	"=""2017"""	"=""https://en.wikipedia.org/wiki/Happy_Death_Day, https://tv.apple.com/us/movie/happy-death-day/umc.cmc.1k9lp3vutsnix4xwpy5c21lao"""
"=""Happy Death Day 2U"""	"=""Happy Death Day"""	"=""movie"""	"=""comedy, horror"""	"=""2019"""	"=""https://en.wikipedia.org/wiki/Happy_Death_Day_2U, https://tv.apple.com/us/movie/happy-death-day-2u/umc.cmc.4oa98xwryb4hthcwew0d0zpx4"""
"=""Hard Boiled"""	"="""""	"=""movie"""	"=""action, crime"""	"=""1992"""	"=""https://en.wikipedia.org/wiki/Hard_Boiled"""
"=""Harold & Kumar Go to White Castle"""	"="""""	"=""movie"""	"=""adventure, comedy"""	"=""2004"""	"=""https://en.wikipedia.org/wiki/Harold_%26_Kumar_Go_to_White_Castle, https://tv.apple.com/us/movie/harold--kumar-go-to-white-castle/umc.cmc.3o9zgddfhp1h8wr1v6tmah2c6"""
"=""Hate Thy Neighbor"""	"="""""	"=""series"""	"=""documentary, nonfiction, politics"""	"=""2017-2018"""	"=""https://en.wikipedia.org/wiki/Hate_Thy_Neighbor_(TV_series), https://tv.apple.com/us/show/hate-thy-neighbor/umc.cmc.6nzxry607ukds3i4090a1bytu"""
"=""Haven"""	"="""""	"=""series"""	"=""monsters, mystery, suspense"""	"=""2010-2015"""	"=""https://en.wikipedia.org/wiki/Haven_(TV_series), https://tv.apple.com/us/show/haven/umc.cmc.12hbghyk320zxb4sz3pso1xyh"""
"=""Heathers"""	"="""""	"=""movie"""	"=""comedy, crime, high school, romance"""	"=""1989"""	"=""https://en.wikipedia.org/wiki/Heathers, https://tv.apple.com/us/movie/heathers/umc.cmc.581l7cvk3knqv8jhdw6xkxt13"""
"=""Hip-Hop Evolution"""	"="""""	"=""series"""	"=""documentary, music, nonfiction"""	"=""2016-"""	"=""https://en.wikipedia.org/wiki/Hip-Hop_Evolution, https://www.netflix.com/title/80141782"""
"=""Homecoming"""	"="""""	"=""series"""	"=""science fiction, suspense"""	"=""2018-"""	"=""https://en.wikipedia.org/wiki/Homecoming_(TV_series), https://tv.apple.com/us/show/homecoming/umc.cmc.bhi4i7zknmr9l8r81kzx3ow7"""
"=""Homeland"""	"="""""	"=""series"""	"=""espionage, suspense"""	"=""2011-2020"""	"=""https://en.wikipedia.org/wiki/Homeland_(TV_series), https://tv.apple.com/us/show/homeland/umc.cmc.1n193s6qu86552u7opuewg19d"""
"=""The Hunt"""	"="""""	"=""movie"""	"=""action, horror, politics"""	"=""2020"""	"=""https://en.wikipedia.org/wiki/The_Hunt_(2020_film), https://tv.apple.com/us/movie/the-hunt/umc.cmc.2bc8p4o8floxwy0qq4f4e9op7"""
"=""I'll Be Gone in the Dark"""	"="""""	"=""miniseries"""	"=""crime, documentary, nonfiction"""	"=""2020"""	"=""https://en.wikipedia.org/wiki/I%27ll_Be_Gone_in_the_Dark_(TV_series), https://www.hbo.com/ill-be-gone-in-the-dark"""
"=""Idiocracy"""	"="""""	"=""movie"""	"=""comedy, politics, science fiction"""	"=""2006"""	"=""https://en.wikipedia.org/wiki/Idiocracy, https://tv.apple.com/us/movie/idiocracy/umc.cmc.6a3qv31nzb2uftnw0s16x1xsw"""
"=""The Incredibles"""	"=""The Incredibles"""	"=""movie"""	"=""animation, superheroes"""	"=""2004"""	"=""https://en.wikipedia.org/wiki/The_Incredibles, https://tv.apple.com/us/movie/the-incredibles/umc.cmc.3l02o7h3trocpynaslpu6epsv"""
"=""Incredibles 2"""	"=""The Incredibles"""	"=""movie"""	"=""animation, superheroes"""	"=""2018"""	"=""https://en.wikipedia.org/wiki/Incredibles_2, https://tv.apple.com/us/movie/incredibles-2/umc.cmc.uzvd8mpcpeyggo5ttxyeg58u"""
"=""Indiana Jones and the Last Crusade"""	"=""Indiana Jones"""	"=""movie"""	"=""action, adventure, comedy"""	"=""1989"""	"=""https://en.wikipedia.org/wiki/Indiana_Jones_and_the_Last_Crusade, https://tv.apple.com/us/movie/indiana-jones-and-the-last-crusade/umc.cmc.38jpsigo8blaihrqu8h445cld"""
"=""Inglourious Basterds"""	"="""""	"=""movie"""	"=""action, espionage, suspense, war"""	"=""2009"""	"=""https://en.wikipedia.org/wiki/Inglourious_Basterds, https://tv.apple.com/us/movie/inglourious-basterds/umc.cmc.3r1vekw1q5380qojcz9t1ie6a"""
"=""Into the Badlands"""	"="""""	"=""series"""	"=""action, fantasy, kung fu"""	"=""2015-2019"""	"=""https://en.wikipedia.org/wiki/Into_the_Badlands_(TV_series), https://tv.apple.com/us/show/into-the-badlands/umc.cmc.6n1kzpw2aun7w2qnqoh6eto37"""
"=""Ip Man"""	"=""Ip Man"""	"=""movie"""	"=""action, kung fu"""	"=""2008"""	"=""https://en.wikipedia.org/wiki/Ip_Man_(film), https://tv.apple.com/us/movie/ip-man/umc.cmc.7cpptc5t2eh33y4qltuzk56uo"""
"=""Ip Man 2"""	"=""Ip Man"""	"=""movie"""	"=""action, kung fu"""	"=""2010"""	"=""https://en.wikipedia.org/wiki/Ip_Man_2, https://tv.apple.com/us/movie/ip-man-2/umc.cmc.5f84nu8ltheb4v3y5mhsek2yz"""
"=""Ip Man 3"""	"=""Ip Man"""	"=""movie"""	"=""action, kung fu"""	"=""2015"""	"=""https://en.wikipedia.org/wiki/Ip_Man_3, https://tv.apple.com/us/movie/ip-man-3/umc.cmc.nrsomzs4yuzx4fdo6ks00152"""
"=""Ip Man 4: The Finale"""	"=""Ip Man"""	"=""movie"""	"=""action, kung fu"""	"=""2019"""	"=""https://en.wikipedia.org/wiki/Ip_Man_4%3A_The_Finale, https://tv.apple.com/us/movie/ip-man-4-the-finale/umc.cmc.1hu1p0lbtbip620mrbxl53136"""
"=""Iron Man"""	"="""""	"=""movie"""	"=""action, superheroes"""	"=""2008"""	"=""https://en.wikipedia.org/wiki/Iron_Man_(2008_film), https://tv.apple.com/us/movie/iron-man/umc.cmc.219lnb4s678o8roez3o905h7r"""
"=""It"""	"=""It"""	"=""movie"""	"=""horror, monsters, suspense"""	"=""2017"""	"=""https://en.wikipedia.org/wiki/It_(2017_film), https://tv.apple.com/us/movie/it/umc.cmc.ccv4kqzqrowq575uxyl0gcos"""
"=""It Chapter 2"""	"=""It"""	"=""movie"""	"=""horror, monsters, suspense"""	"=""2019"""	"=""https://en.wikipedia.org/wiki/It_Chapter_Two, https://tv.apple.com/us/movie/it-chapter-two/umc.cmc.696nxlzfifs6t1h6hi8d9nlux"""
"=""It's Always Sunny in Philadelphia"""	"="""""	"=""series"""	"=""comedy"""	"=""2005-"""	"=""https://en.wikipedia.org/wiki/It%27s_Always_Sunny_in_Philadelphia, https://tv.apple.com/us/show/its-always-sunny-in-philadelphia/umc.cmc.ukor9ll2s04re94sh7689z5y"""
"=""iZombie"""	"="""""	"=""series"""	"=""mystery, zombies"""	"=""2015-2019"""	"=""https://en.wikipedia.org/wiki/IZombie_(TV_series), https://tv.apple.com/us/show/izombie/umc.cmc.6cgad3oaxqjht1pekeqjz3uju"""
"=""Jaws"""	"="""""	"=""movie"""	"=""disaster, horror, monsters"""	"=""1975"""	"=""https://en.wikipedia.org/wiki/Jaws_(film), https://tv.apple.com/us/movie/jaws/umc.cmc.2bz6csnv519zyivpg4qb9cgbn"""
"=""Jeopardy!"""	"="""""	"=""series"""	"=""games, nonfiction"""	"=""1964-"""	"=""https://en.wikipedia.org/wiki/Jeopardy!"""
"=""Jericho"""	"="""""	"=""series"""	"=""adventure, drama, fantasy, war"""	"=""2006-2008"""	"=""https://en.wikipedia.org/wiki/Jericho_(2006_TV_series), https://tv.apple.com/us/show/jericho/umc.cmc.2yaptkfplc6i451vvo2foz5fr"""
"=""Jessica Jones"""	"=""Daredevil"""	"=""series"""	"=""action, superheroes"""	"=""2015-2019"""	"=""https://en.wikipedia.org/wiki/Jessica_Jones_(TV_series), https://tv.apple.com/us/show/jessica-jones/umc.cmc.bc1wvcaiig5ifan2chl00aw7"""
"=""Justified"""	"="""""	"=""series"""	"=""action, crime, western"""	"=""2010-2015"""	"=""https://en.wikipedia.org/wiki/Justified_(TV_series), https://tv.apple.com/us/show/justified/umc.cmc.3v6t1mm9t4qz34ztiitfn3x1a"""
"=""The Karate Kid"""	"="""""	"=""movie"""	"=""adventure, high school"""	"=""1984"""	"=""https://en.wikipedia.org/wiki/The_Karate_Kid, https://tv.apple.com/us/movie/the-karate-kid/umc.cmc.35sgeb85f20mzxp5wv4qo7w0o"""
"=""The Kettering Incident"""	"="""""	"=""series"""	"=""mystery, suspense"""	"=""2016"""	"=""https://en.wikipedia.org/wiki/The_Kettering_Incident, https://tv.apple.com/us/show/the-kettering-incident/umc.cmc.1bzn4jjumuowoufwsae4lyhbo"""
"=""Key & Peele"""	"="""""	"=""series"""	"=""comedy, sketch"""	"=""2012-2015"""	"=""https://en.wikipedia.org/wiki/Key_%26_Peele, https://tv.apple.com/us/show/key--peele/umc.cmc.3zn0d5n33pl7buheotza1oyfs"""
"=""Kicking and Screaming"""	"="""""	"=""movie"""	"=""comedy, drama, romance"""	"=""1995"""	"=""https://en.wikipedia.org/wiki/Kicking_and_Screaming_(1995_film), https://tv.apple.com/us/movie/kicking-and-screaming/umc.cmc.668b7hg5mhmwc5na62d0cqult"""
"=""The Killing"""	"="""""	"=""series"""	"=""crime, drama, mystery"""	"=""2011-2014"""	"=""https://en.wikipedia.org/wiki/The_Killing_(American_TV_series), https://tv.apple.com/us/show/the-killing/umc.cmc.4f05vz8f5df9kxfxo587e17qp"""
"=""Killing Eve"""	"="""""	"=""series"""	"=""action, crime, espionage, romance"""	"=""2018-"""	"=""https://en.wikipedia.org/wiki/Killing_Eve, https://tv.apple.com/us/show/killing-eve/umc.cmc.v47twfpcor69ee4gk0qhhkl9"""
"=""Last Week Tonight With John Oliver"""	"="""""	"=""series"""	"=""comedy, nonfiction"""	"=""2014-"""	"=""https://en.wikipedia.org/wiki/Last_Week_Tonight_with_John_Oliver, https://www.hbo.com/last-week-tonight-with-john-oliver"""
"=""The Leftovers"""	"="""""	"=""series"""	"=""disaster, fantasy, mystery, suspense"""	"=""2014-2017"""	"=""https://en.wikipedia.org/wiki/The_Leftovers_(TV_series), https://tv.apple.com/us/show/the-leftovers/umc.cmc.364ieofmqn8ihrnjqrto3u3rd"""
"=""Legends of the Fall"""	"="""""	"=""movie"""	"=""adventure, drama, romance"""	"=""1994"""	"=""https://en.wikipedia.org/wiki/Legends_of_the_Fall, https://tv.apple.com/us/movie/legends-of-the-fall/umc.cmc.78qrlsj4qds45my7e6t3d3d00"""
"=""Legion"""	"="""""	"=""series"""	"=""drama, superheroes"""	"=""2017-2019"""	"=""https://en.wikipedia.org/wiki/Legion_(TV_series), https://tv.apple.com/us/show/legion/umc.cmc.1qs2k3j6y79dkp2muruy3tfgy"""
"=""Leon: The Professional"""	"="""""	"=""movie"""	"=""action, adventure, crime"""	"=""1994"""	"=""https://en.wikipedia.org/wiki/Leon%3A_The_Professional, https://tv.apple.com/us/movie/leon-the-professional/umc.cmc.70xcem3uzcezoza6lczyya6ej"""
"=""Life"""	"="""""	"=""series"""	"=""action, crime, mystery"""	"=""2007-2009"""	"=""https://en.wikipedia.org/wiki/Life_(American_TV_series), https://tv.apple.com/us/show/life/umc.cmc.6651plfe7dkjzyfjh4g9vzwck"""
"=""Logan"""	"="""""	"=""movie"""	"=""action, superheroes, road trip"""	"=""2017"""	"=""https://en.wikipedia.org/wiki/Logan_(film), https://tv.apple.com/us/movie/logan/umc.cmc.1n3n02llymsjkbc3hvpajiwii"""
"=""Longmire"""	"="""""	"=""series"""	"=""crime, mystery, western"""	"=""2012-2017"""	"=""https://en.wikipedia.org/wiki/Longmire_(TV_series), https://tv.apple.com/us/show/longmire/umc.cmc.6s3a6p62hkyk9sbc9venrdkd6"""
"=""Looper"""	"="""""	"=""movie"""	"=""action, science fiction, time travel"""	"=""2012"""	"=""https://en.wikipedia.org/wiki/Looper_(film), https://tv.apple.com/us/movie/looper/umc.cmc.4ntyk3wj5kd607ayjhnt1jqmr"""
"=""Lost"""	"="""""	"=""series"""	"=""fantasy, mystery"""	"=""2004-2010"""	"=""https://en.wikipedia.org/wiki/Lost_(TV_series), https://tv.apple.com/us/show/lost/umc.cmc.224vt3dmosi0331a2yc8ny3l8"""
"=""The Lost Boys"""	"="""""	"=""movie"""	"=""comedy, high school, horror"""	"=""1987"""	"=""https://en.wikipedia.org/wiki/The_Lost_Boys, https://tv.apple.com/us/movie/the-lost-boys/umc.cmc.6e6i8gvaw5deq40srzltt4qfd"""
"=""Luther"""	"="""""	"=""series"""	"=""crime, mystery, suspense"""	"=""2010-2019"""	"=""https://en.wikipedia.org/wiki/Luther_(TV_series), https://tv.apple.com/us/show/luther/umc.cmc.6scwuwiuw4euaytzl3h27flar"""
"=""Mad Max"""	"=""Mad Max"""	"=""movie"""	"=""action, adventure, road trip"""	"=""1979"""	"=""https://en.wikipedia.org/wiki/Mad_Max, https://tv.apple.com/us/movie/mad-max/umc.cmc.55tkmr9z7c6wgu8ylbuai4w3i"""
"=""Mad Max: Fury Road"""	"=""Mad Max"""	"=""movie"""	"=""action, adventure, road trip"""	"=""2015"""	"=""https://en.wikipedia.org/wiki/Mad_Max:_Fury_Road, https://tv.apple.com/us/movie/mad-max-fury-road/umc.cmc.6xerenwn1999cjd2y6421r2ex"""
"=""Magnum, P.I."""	"="""""	"=""series"""	"=""crime, mystery"""	"=""1980-1988"""	"=""https://en.wikipedia.org/wiki/Magnum%2C_P%2EI%2E, https://tv.apple.com/us/show/magnum-pi/umc.cmc.6vlt9appkttvlij66gi85dfct"""
"=""Making a Murderer"""	"="""""	"=""series"""	"=""crime, documentary, nonfiction"""	"=""2015-2018"""	"=""https://en.wikipedia.org/wiki/Making_a_Murderer, https://www.netflix.com/title/80000770"""
"=""Mallrats"""	"="""""	"=""movie"""	"=""comedy, high school"""	"=""1995"""	"=""https://en.wikipedia.org/wiki/Mallrats, https://tv.apple.com/us/movie/mallrats/umc.cmc.ptrke1iex6zm21rdtuksqx10"""
"=""The Man in the High Castle"""	"="""""	"=""series"""	"=""espionage, science fiction, suspense, war"""	"=""2015-2019"""	"=""https://en.wikipedia.org/wiki/The_Man_in_the_High_Castle_(TV_series), https://www.amazon.com/Man-High-Castle-Season/dp/B00RSGFRY8"""
"=""The Mandalorian"""	"=""Star Wars"""	"=""series"""	"=""road trip, science fiction, space, western"""	"=""2019-"""	"=""https://en.wikipedia.org/wiki/The_Mandalorian, https://www.disneyplus.com/series/the-mandalorian/3jLIGMDYINqD"""
"=""Manhunt"""	"="""""	"=""series"""	"=""crime, drama, nonfiction"""	"=""2017-"""	"=""https://en.wikipedia.org/wiki/Manhunt_(2017_TV_series), https://tv.apple.com/us/show/manhunt-unabomber/umc.cmc.3km1unhvaqe8gsbrr7sxm243q"""
"=""The Matrix"""	"="""""	"=""movie"""	"=""action, adventure, science fiction"""	"=""1999"""	"=""https://en.wikipedia.org/wiki/The_Matrix, https://tv.apple.com/us/movie/the-matrix/umc.cmc.af8k9kcq9r1s1qmmdxpq4itn"""
"=""McMillions"""	"="""""	"=""miniseries"""	"=""crime, documentary, nonfiction"""	"=""2020"""	"=""https://en.wikipedia.org/wiki/McMillions, https://www.hbo.com/mcmillions"""
"=""Meatballs"""	"="""""	"=""movie"""	"=""comedy, high school"""	"=""1979"""	"=""https://en.wikipedia.org/wiki/Meatballs_(film), https://tv.apple.com/us/movie/meatballs/umc.cmc.3mvykwijt5onlmn0wt3km4tr9"""
"=""The Meg"""	"="""""	"=""movie"""	"=""action, adventure, disaster, monsters"""	"=""2018"""	"=""https://en.wikipedia.org/wiki/The_Meg, https://tv.apple.com/us/movie/the-meg/umc.cmc.6uewz4ayns49w246665z2ikra"""
"=""Mid90s"""	"="""""	"=""movie"""	"=""drama, high school, skateboarding"""	"=""2018"""	"=""https://en.wikipedia.org/wiki/Mid90s, https://tv.apple.com/us/movie/mid90s/umc.cmc.5vsuvbt61ehwlyij9852seli2"""
"=""Mindhunter"""	"="""""	"=""series"""	"=""crime, suspense, nonfiction"""	"=""2017-"""	"=""https://en.wikipedia.org/wiki/Mindhunter_(TV_series), https://www.netflix.com/title/80114855"""
"=""Mister Rogers' Neighborhood"""	"="""""	"=""series"""	"=""fantasy"""	"=""1968-2001"""	"=""https://en.wikipedia.org/wiki/Mister_Rogers%27_Neighborhood, https://tv.apple.com/us/show/mister-rogers-neighborhood/umc.cmc.64iahg3hzdj7807dnnvjj40tb"""
"=""Monty Python and the Holy Grail"""	"="""""	"=""movie"""	"=""comedy, fantasy, road trip"""	"=""1975"""	"=""https://en.wikipedia.org/wiki/Monty_Python_and_the_Holy_Grail, https://tv.apple.com/us/movie/monty-python-and-the-holy-grail/umc.cmc.5re6h6rrzwtaub8i4bc3udwm6"""
"=""Mr. Robot"""	"="""""	"=""series"""	"=""conspiracy, crime, espionage, politics, suspense"""	"=""2015-2019"""	"=""https://en.wikipedia.org/wiki/Mr._Robot, https://tv.apple.com/us/show/mr-robot/umc.cmc.306sepo05euzg2r68zzsa02up"""
"=""Mr. Show"""	"="""""	"=""series"""	"=""comedy, sketch"""	"=""1995-1998"""	"=""https://en.wikipedia.org/wiki/Mr%2E_Show_with_Bob_and_David, https://tv.apple.com/us/show/mr-show-with-bob-and-david/umc.cmc.3psahzefj6ag85gd5y57y56tx"""
"=""Murder Mountain"""	"="""""	"=""miniseries"""	"=""crime, documentary, nonfiction"""	"=""2018"""	"=""https://en.wikipedia.org/wiki/Murder_Mountain_(TV_series), https://www.netflix.com/title/80217475"""
"=""Napoleon Dynamite"""	"="""""	"=""movie"""	"=""comedy, high school"""	"=""2004"""	"=""https://en.wikipedia.org/wiki/Napoleon_Dynamite, https://tv.apple.com/us/movie/napoleon-dynamite/umc.cmc.5grtztomcjab13b37ts52yme4"""
"=""National Lampoon's Christmas Vacation"""	"="""""	"=""movie"""	"=""christmas, comedy"""	"=""1989"""	"=""https://en.wikipedia.org/wiki/National_Lampoon%27s_Christmas_Vacation, https://tv.apple.com/us/movie/national-lampoons-christmas-vacation/umc.cmc.7fbk8jjftv8jhrc1ixirf54gd"""
"=""Need for Speed"""	"="""""	"=""movie"""	"=""action, adventure, road trip"""	"=""2014"""	"=""https://en.wikipedia.org/wiki/Need_for_Speed_(film), https://tv.apple.com/us/movie/need-for-speed/umc.cmc.7bz28jip3ejjxlxgot5g13pgj"""
"=""The Night Before"""	"="""""	"=""movie"""	"=""christmas, comedy"""	"=""2015"""	"=""https://en.wikipedia.org/wiki/The_Night_Before_(2015_film), https://tv.apple.com/us/movie/the-night-before/umc.cmc.yebcmcz3le2rsbsdhoxf7wym"""
"=""The Night Manager"""	"="""""	"=""miniseries"""	"=""espionage, suspense"""	"=""2016"""	"=""https://en.wikipedia.org/wiki/The_Night_Manager_(TV_series), https://tv.apple.com/us/show/the-night-manager/umc.cmc.6dh3kg34kvfttyac93nxs8yjm"""
"=""No Country for Old Men"""	"="""""	"=""movie"""	"=""crime, suspense, western"""	"=""2007"""	"=""https://en.wikipedia.org/wiki/No_Country_for_Old_Men_(film), https://tv.apple.com/us/movie/no-country-for-old-men/umc.cmc.1nrcu9h8nypvl4v3bxohft1j5"""
"=""The O.C."""	"="""""	"=""series"""	"=""drama, high school"""	"=""2003-2007"""	"=""https://en.wikipedia.org/wiki/The_O%2EC%2E, https://tv.apple.com/us/show/the-oc/umc.cmc.302y4aein2kxangszc7hwol45"""
"=""The Office"""	"="""""	"=""series"""	"=""comedy"""	"=""2005-2013"""	"=""https://en.wikipedia.org/wiki/The_Office_(American_TV_series), https://tv.apple.com/us/show/the-office/umc.cmc.455js879szmdywutf3qjewagm"""
"=""Office Space"""	"="""""	"=""movie"""	"=""crime, comedy"""	"=""1999"""	"=""https://en.wikipedia.org/wiki/Office_Space, https://tv.apple.com/us/movie/office-space/umc.cmc.6jlilk9yf1ozlv281w6rnw5pu"""
"=""Old School"""	"="""""	"=""movie"""	"=""comedy"""	"=""2003"""	"=""https://en.wikipedia.org/wiki/Old_School_(film), https://tv.apple.com/us/movie/old-school/umc.cmc.1tvgf6e98f4ruweajkjj4qymh"""
"=""Out of Sight"""	"="""""	"=""movie"""	"=""comedy, crime"""	"=""1998"""	"=""https://en.wikipedia.org/wiki/Out_of_Sight, https://tv.apple.com/us/movie/out-of-sight/umc.cmc.4x9i5bdxdx0k2gp2063gtm3ig"""
"=""The Outlaw Josey Wales"""	"="""""	"=""movie"""	"=""action, war, western"""	"=""1976"""	"=""https://en.wikipedia.org/wiki/The_Outlaw_Josey_Wales, https://tv.apple.com/us/movie/the-outlaw-josey-wales/umc.cmc.4gkai2wu0jf22a2v7d25ubnxu"""
"=""The Outsider"""	"="""""	"=""miniseries"""	"=""crime, horror, monsters"""	"=""2020"""	"=""https://en.wikipedia.org/wiki/The_Outsider_(miniseries), https://tv.apple.com/us/show/the-outsider/umc.cmc.36xhg3s1f9mdbqivyqon4fn5v"""
"=""Ozark"""	"="""""	"=""series"""	"=""crime, drama, suspense"""	"=""2017-"""	"=""https://en.wikipedia.org/wiki/Ozark_(TV_series), https://www.netflix.com/title/80117552"""
"=""Parker Lewis Can't Lose"""	"="""""	"=""series"""	"=""comedy, high school"""	"=""1990-1993"""	"=""https://en.wikipedia.org/wiki/Parker_Lewis_Can%27t_Lose"""
"=""Parks and Recreation"""	"="""""	"=""series"""	"=""comedy"""	"=""2009-2015"""	"=""https://en.wikipedia.org/wiki/Parks_and_Recreation, https://tv.apple.com/us/show/parks-and-recreation/umc.cmc.4rhzbt3nmsycvgt4nilhbuyae"""
"=""Party Down"""	"="""""	"=""series"""	"=""comedy"""	"=""2009-2010"""	"=""https://en.wikipedia.org/wiki/Party_Down, https://tv.apple.com/us/show/party-down/umc.cmc.6myol1kgcd19kerlujhtcr8kg"""
"=""Pen15"""	"="""""	"=""series"""	"=""comedy, high school"""	"=""2019-"""	"=""https://en.wikipedia.org/wiki/PEN15, https://tv.apple.com/us/show/pen15/umc.cmc.21mj08e7cn0amhk25njrzjjmv"""
"=""Point Break"""	"="""""	"=""movie"""	"=""action, crime"""	"=""1991"""	"=""https://en.wikipedia.org/wiki/Point_Break, https://tv.apple.com/us/movie/point-break/umc.cmc.xmw67i1eh8yv86pkhougfr33"""
"=""The Princess Bride"""	"="""""	"=""movie"""	"=""adventure, comedy, fantasy"""	"=""1987"""	"=""https://en.wikipedia.org/wiki/The_Princess_Bride_(film), https://tv.apple.com/us/movie/the-princess-bride/umc.cmc.3gq6dacoanmniq9hil8tz75pw"""
"=""Pump up the Volume"""	"="""""	"=""movie"""	"=""high school, music, politics"""	"=""1990"""	"=""https://en.wikipedia.org/wiki/Pump_Up_the_Volume_(film)"""
"=""The Punisher"""	"=""Daredevil"""	"=""series"""	"=""action, superheroes"""	"=""2017-2019"""	"=""https://en.wikipedia.org/wiki/The_Punisher_(TV_series), https://tv.apple.com/us/show/the-punisher/umc.cmc.js4i73kjg5z4wp6pksqm2eky"""
"=""The Purge"""	"=""The Purge"""	"=""movie"""	"=""action, horror, politics"""	"=""2013"""	"=""https://en.wikipedia.org/wiki/The_Purge_(2013_film), https://tv.apple.com/us/movie/the-purge/umc.cmc.3xr9smisneill7xtb2s3x1qgb"""
"=""The Purge"""	"=""The Purge"""	"=""series"""	"=""action, horror, politics"""	"=""2018-2019"""	"=""https://en.wikipedia.org/wiki/The_Purge_(TV_series), https://tv.apple.com/us/show/the-purge/umc.cmc.da2aw197swossjz0sikg1hjk"""
"=""The Purge: Anarchy"""	"=""The Purge"""	"=""movie"""	"=""action, horror, politics"""	"=""2014"""	"=""https://en.wikipedia.org/wiki/The_Purge%3A_Anarchy, https://tv.apple.com/us/movie/the-purge-anarchy/umc.cmc.722zq16insez9n3gi37gt82qo"""
"=""The Purge: Election Year"""	"=""The Purge"""	"=""movie"""	"=""action, horror, politics"""	"=""2016"""	"=""https://en.wikipedia.org/wiki/The_Purge%3A_Election_Year, https://tv.apple.com/us/movie/the-purge-election-year/umc.cmc.2us7pj92cyf56hmbzet98wpn3"""
"=""Raiders of the Lost Ark"""	"=""Indiana Jones"""	"=""movie"""	"=""action, adventure, comedy"""	"=""1981"""	"=""https://en.wikipedia.org/wiki/Raiders_of_the_Lost_Ark, https://tv.apple.com/us/movie/indiana-jones-and-the-raiders-of-the-lost-ark/umc.cmc.askk2uyh039pu6ik4h8kv4dn"""
"=""Raising Arizona"""	"="""""	"=""movie"""	"=""crime, comedy"""	"=""1987"""	"=""https://en.wikipedia.org/wiki/Raising_Arizona, https://tv.apple.com/us/movie/raising-arizona/umc.cmc.69uyz8qeolyklkb8y095ue9yj"""
"=""Red Dawn"""	"="""""	"=""movie"""	"=""action, fantasy, high school, war"""	"=""1984"""	"=""https://en.wikipedia.org/wiki/Red_Dawn, https://tv.apple.com/us/movie/red-dawn/umc.cmc.6yaazt2d18iarvam6jmm7s9it"""
"=""Return of the Jedi"""	"=""Star Wars"""	"=""movie"""	"=""science fiction, space"""	"=""1983"""	"=""https://en.wikipedia.org/wiki/Return_of_the_Jedi, https://tv.apple.com/us/movie/star-wars-return-of-the-jedi/umc.cmc.3ggalukb7xb5pf1gfgdlwkcx"""
"=""Rick and Morty"""	"="""""	"=""series"""	"=""animation, comedy, science fiction"""	"=""2013"""	"=""https://en.wikipedia.org/wiki/Rick_and_Morty, https://tv.apple.com/us/show/rick-and-morty/umc.cmc.12dp30hnvyq5fbm9716puu8zc"""
"=""The Righteous Gemstones"""	"="""""	"=""series"""	"=""crime, comedy"""	"=""2019-"""	"=""https://en.wikipedia.org/wiki/The_Righteous_Gemstones, https://tv.apple.com/us/show/the-righteous-gemstones/umc.cmc.7i0qo0vj1gkwrj8kyvj45pc9u"""
"=""Robotech"""	"="""""	"=""series"""	"=""animation, anime, science fiction"""	"=""1985"""	"=""https://en.wikipedia.org/wiki/Robotech, https://tv.apple.com/us/show/robotech/umc.cmc.36g36e9i4886hj6fz51ccl72h"""
"=""Rogue One"""	"=""Star Wars"""	"=""movie"""	"=""science fiction, space"""	"=""2016"""	"=""https://en.wikipedia.org/wiki/Rogue_One, https://tv.apple.com/us/movie/rogue-one-a-star-wars-story/umc.cmc.5ydra856u0y2hc1ur13qd4xxx"""
"=""Rubicon"""	"="""""	"=""series"""	"=""espionage, suspense"""	"=""2010"""	"=""https://en.wikipedia.org/wiki/Rubicon_(TV_series)"""
"=""San Andreas"""	"="""""	"=""movie"""	"=""action, adventure, disaster"""	"=""2015"""	"=""https://en.wikipedia.org/wiki/San_Andreas_(film), https://tv.apple.com/us/movie/san-andreas/umc.cmc.4yr6iyzmnnkl6lkvo9h76s2rj"""
"=""Say Anything..."""	"="""""	"=""movie"""	"=""comedy, high school, romance"""	"=""1989"""	"=""https://en.wikipedia.org/wiki/Say_Anything%2E%2E%2E, https://tv.apple.com/us/movie/say-anything/umc.cmc.2oxzd2e6creo8okxltwmyjnr1"""
"=""Scream"""	"="""""	"=""movie"""	"=""high school, horror, suspense"""	"=""1996"""	"=""https://en.wikipedia.org/wiki/Scream_(1996_film), https://tv.apple.com/us/movie/scream/umc.cmc.3lqkarljab5l2z8ifgezgqjvg"""
"=""Scrooged"""	"="""""	"=""movie"""	"=""christmas, comedy"""	"=""1988"""	"=""https://en.wikipedia.org/wiki/Scrooged, https://tv.apple.com/us/movie/scrooged/umc.cmc.7j8xida5di6crnh31t66k8z3y"""
"=""Seinfeld"""	"="""""	"=""series"""	"=""comedy"""	"=""1989-1998"""	"=""https://en.wikipedia.org/wiki/Seinfeld, https://tv.apple.com/us/show/seinfeld/umc.cmc.7wi0fpx37shx0bfxau56ufps"""
"=""Serenity"""	"=""Firefly"""	"=""movie"""	"=""adventure, science fiction, western"""	"=""2005"""	"=""https://en.wikipedia.org/wiki/Serenity_(2005_film), https://tv.apple.com/us/movie/serenity/umc.cmc.6np7tjy7yan4bmbshg7dm4ka5"""
"=""Shameless"""	"="""""	"=""series"""	"=""comedy, drama"""	"=""2011-"""	"=""https://en.wikipedia.org/wiki/Shameless_(American_TV_series), https://tv.apple.com/us/show/shameless/umc.cmc.699yz0ndcm42cxcwcbzkb6dng"""
"=""The Shield"""	"="""""	"=""series"""	"=""crime, drama"""	"=""2002-2008"""	"=""https://en.wikipedia.org/wiki/The_Shield, https://tv.apple.com/us/show/the-shield/umc.cmc.5sibduz998mv11wmxf8lthoex"""
"=""The Shining"""	"="""""	"=""movie"""	"=""horror, suspense"""	"=""1980"""	"=""https://en.wikipedia.org/wiki/The_Shining_(film), https://tv.apple.com/us/movie/the-shining/umc.cmc.be3gn94hs3l9fjvg34ex9sy1"""
"=""Signs"""	"="""""	"=""movie"""	"=""aliens, horror, science fiction, suspense"""	"=""2002"""	"=""https://en.wikipedia.org/wiki/Signs_(film), https://tv.apple.com/us/movie/signs/umc.cmc.2vj4vibsrb38cvi5nojt2morx"""
"=""The Simpsons"""	"="""""	"=""series"""	"=""animation, comedy"""	"=""1989-"""	"=""https://en.wikipedia.org/wiki/The_Simpsons, https://tv.apple.com/us/show/the-simpsons/umc.cmc.1kfo3z1jtaj8ff6wsh9cvxbwu"""
"=""The Sinner"""	"="""""	"=""series"""	"=""crime, suspense"""	"=""2017-"""	"=""https://en.wikipedia.org/wiki/The_Sinner_(TV_series), https://tv.apple.com/us/show/the-sinner/umc.cmc.5b95dnukrzodbdu40zqv1w2j1"""
"=""Six Feet Under"""	"="""""	"=""series"""	"=""drama"""	"=""2001-2005"""	"=""https://en.wikipedia.org/wiki/Six_Feet_Under_(TV_series), https://tv.apple.com/us/show/six-feet-under/umc.cmc.7e2whu31s2zmh5l7fhioofatl"""
"=""Smokey and the Bandit"""	"="""""	"=""movie"""	"=""adventure, comedy"""	"=""1977"""	"=""https://en.wikipedia.org/wiki/Smokey_and_the_Bandit, https://tv.apple.com/us/movie/smokey-and-the-bandit/umc.cmc.1376mh6oyen5lc79pkpiyb87x"""
"=""Sneakers"""	"="""""	"=""movie"""	"=""comedy, crime, espionage"""	"=""1992"""	"=""https://en.wikipedia.org/wiki/Sneakers_(1992_film), https://tv.apple.com/us/movie/sneakers/umc.cmc.2ymtppe6e6ks0kki70y5o2es8"""
"=""Spider-Man: Into the Spider-Verse"""	"="""""	"=""movie"""	"=""animation, high school, superheroes"""	"=""2018"""	"=""https://en.wikipedia.org/wiki/Spider-Man%3A_Into_the_Spider-Verse, https://tv.apple.com/us/movie/spider-man-into-the-spider-verse/umc.cmc.4a2ypxddplsdsahwxrc5fkz4x"""
"=""Star Wars"""	"=""Star Wars"""	"=""movie"""	"=""science fiction, space"""	"=""1977"""	"=""https://en.wikipedia.org/wiki/Star_Wars_(film), https://tv.apple.com/us/movie/star-wars-a-new-hope/umc.cmc.2o65qvudvwq1l1rqjlbyfszwn"""
"=""Star Wars: The Force Awakens"""	"=""Star Wars"""	"=""movie"""	"=""science fiction, space"""	"=""2015"""	"=""https://en.wikipedia.org/wiki/Star_Wars%3A_The_Force_Awakens, https://tv.apple.com/us/movie/star-wars-the-force-awakens/umc.cmc.61i3yveu7xby4chfkqved19ka"""
"=""Star Wars: The Last Jedi"""	"=""Star Wars"""	"=""movie"""	"=""science fiction, space"""	"=""2017"""	"=""https://en.wikipedia.org/wiki/Star_Wars%3A_The_Last_Jedi, https://tv.apple.com/us/movie/star-wars-the-last-jedi/umc.cmc.7f19yhpg0i8vk8of1ydhs7g1v"""
"=""Stop Making Sense"""	"="""""	"=""movie"""	"=""music, nonfiction"""	"=""1984"""	"=""https://en.wikipedia.org/wiki/Stop_Making_Sense, https://tv.apple.com/us/movie/stop-making-sense/umc.cmc.4qcn1p5rridjzo742xirf9j8m"""
"=""The Strain"""	"="""""	"=""series"""	"=""action, horror, monsters"""	"=""2014-2017"""	"=""https://en.wikipedia.org/wiki/The_Strain_(TV_series), https://tv.apple.com/us/show/the-strain/umc.cmc.1gej4rmomlv6t4ldpyub19y7e"""
"=""Stranger Things"""	"="""""	"=""series"""	"=""horror, monsters, science fiction"""	"=""2016-"""	"=""https://en.wikipedia.org/wiki/Stranger_Things, https://www.netflix.com/title/80057281"""
"=""Super Troopers"""	"="""""	"=""movie"""	"=""comedy"""	"=""2001"""	"=""https://en.wikipedia.org/wiki/Super_Troopers, https://tv.apple.com/us/movie/super-troopers/umc.cmc.3dxg620rtk7ca3ae1j9y24cjb"""
"=""Sweet/Vicious"""	"="""""	"=""series"""	"=""comedy, crime, politics"""	"=""2016-2017"""	"=""https://en.wikipedia.org/wiki/Sweet/Vicious, https://tv.apple.com/us/show/sweetvicious/umc.cmc.2rvce2sbjtlo6t63277ip38aq"""
"=""Tag"""	"="""""	"=""movie"""	"=""comedy, games"""	"=""2018"""	"=""https://en.wikipedia.org/wiki/Tag_(2018_film), https://tv.apple.com/us/movie/tag/umc.cmc.4v17xn1ocz0m6tb2stzt7l1xw"""
"=""Tim and Eric Awesome Show, Great Job!"""	"="""""	"=""series"""	"=""comedy, sketch"""	"=""2007-2010, 2017"""	"=""https://en.wikipedia.org/wiki/Tim_and_Eric_Awesome_Show%2C_Great_Job!, https://tv.apple.com/us/show/tim-and-erics-awesome-show-great-job/umc.cmc.18vbsr85twsg1ane938wcmhuh"""
"=""Top of the Lake"""	"="""""	"=""series"""	"=""crime, mystery, suspense"""	"=""2013-2017"""	"=""https://en.wikipedia.org/wiki/Top_of_the_Lake, https://tv.apple.com/us/show/top-of-the-lake/umc.cmc.5yzd8e772xy58or1wa4vibwi6"""
"=""The Transformers: The Movie"""	"="""""	"=""movie"""	"=""animation, science fiction"""	"=""1986"""	"=""https://en.wikipedia.org/wiki/The_Transformers:_The_Movie, https://tv.apple.com/us/movie/transformers-the-movie/umc.cmc.2siyk7xdepbn0s72x3nvrv897"""
"=""True Detective"""	"="""""	"=""series"""	"=""crime, mystery, suspense"""	"=""2014-2019"""	"=""https://en.wikipedia.org/wiki/True_Detective, https://tv.apple.com/us/show/true-detective/umc.cmc.2jh9su10c39kjc5it8g4jswba"""
"=""True Romance"""	"="""""	"=""movie"""	"=""action, crime, romance"""	"=""1993"""	"=""https://en.wikipedia.org/wiki/True_Romance, https://tv.apple.com/us/movie/true-romance/umc.cmc.3vh47uqbjaogzof2erqy1w27r"""
"=""The Tunnel"""	"="""""	"=""series"""	"=""crime, drama, mystery"""	"=""2013, 2016-2017"""	"=""https://en.wikipedia.org/wiki/The_Tunnel_(TV_series), https://tv.apple.com/us/show/the-tunnel/umc.cmc.5nbb45oa8x08vncgrqxjklc2v"""
"=""Twin Peaks"""	"=""Twin Peaks"""	"=""series"""	"=""drama, fantasy, mystery"""	"=""1990-1991, 2017"""	"=""https://en.wikipedia.org/wiki/Twin_Peaks, https://tv.apple.com/us/show/twin-peaks/umc.cmc.1n2apxyl1chm6vcebyfefmqdk"""
"=""Twin Peaks: Fire Walk With Me"""	"=""Twin Peaks"""	"=""movie"""	"=""drama, fantasy, mystery"""	"=""1992"""	"=""https://en.wikipedia.org/wiki/Twin_Peaks%3A_Fire_Walk_with_Me, https://tv.apple.com/us/movie/twin-peaks-fire-walk-with-me/umc.cmc.2ifyd4lrkxm0hnwwboh8fo1x9"""
"=""UHF"""	"="""""	"=""movie"""	"=""comedy"""	"=""1989"""	"=""https://en.wikipedia.org/wiki/UHF_(film), https://tv.apple.com/us/movie/uhf/umc.cmc.43envr2t6li67gg0do8s68y01"""
"=""Unbreakable"""	"="""""	"=""movie"""	"=""mystery, superheroes, suspense"""	"=""2000"""	"=""https://en.wikipedia.org/wiki/Unbreakable_(film), https://tv.apple.com/us/movie/unbreakable/umc.cmc.1ppfc30pgqhjbuq3ooq1sn5la"""
"=""Under the Dome"""	"="""""	"=""series"""	"=""mystery, science fiction"""	"=""2013-2015"""	"=""https://en.wikipedia.org/wiki/Under_the_Dome_(TV_series), https://tv.apple.com/us/show/under-the-dome/umc.cmc.3ut2gg2dbzmnpppwgzvrp57ho"""
"=""Unforgiven"""	"="""""	"=""movie"""	"=""action, crime, western"""	"=""1992"""	"=""https://en.wikipedia.org/wiki/Unforgiven, https://tv.apple.com/us/movie/unforgiven/umc.cmc.50wa2f0amk2ursc5id57p80ji"""
"=""Us"""	"="""""	"=""movie"""	"=""horror, monsters"""	"=""2019"""	"=""https://en.wikipedia.org/wiki/Us_(2019_film), https://tv.apple.com/us/movie/us/umc.cmc.5q0ac7qkd97k4jhx4qiimjz58"""
"=""The Usual Suspects"""	"="""""	"=""movie"""	"=""crime, mystery"""	"=""1995"""	"=""https://en.wikipedia.org/wiki/The_Usual_Suspects, https://tv.apple.com/us/movie/the-usual-suspects/umc.cmc.w0zax063fwhvr49p0czxmwba"""
"=""Veronica Mars"""	"=""Veronica Mars"""	"=""movie"""	"=""crime, high school, mystery"""	"=""2014"""	"=""https://en.wikipedia.org/wiki/Veronica_Mars_(film), https://tv.apple.com/us/movie/veronica-mars/umc.cmc.1kc9fli0kxax3gvv1ak9gms4m"""
"=""Veronica Mars"""	"=""Veronica Mars"""	"=""series"""	"=""crime, high school, mystery"""	"=""2004-2006, 2019"""	"=""https://en.wikipedia.org/wiki/Veronica_Mars, https://tv.apple.com/us/show/veronica-mars/umc.cmc.2vgmd7sdkd0co11kskwykv1gc"""
"=""The Walking Dead"""	"=""The Walking Dead"""	"=""series"""	"=""horror, zombies"""	"=""2010-"""	"=""https://en.wikipedia.org/wiki/The_Walking_Dead_(TV_series), https://tv.apple.com/us/show/the-walking-dead/umc.cmc.34jlsfedn38fy2oyokvrtezuq"""
"=""WALL-E"""	"="""""	"=""movie"""	"=""animation, science fiction, romance"""	"=""2008"""	"=""https://en.wikipedia.org/wiki/WALL-E, https://tv.apple.com/us/movie/wall-e/umc.cmc.4hey5l45tegyvjbr84vuihdqf"""
"=""Watchmen"""	"="""""	"=""miniseries"""	"=""mystery, politics, superheroes"""	"=""2019"""	"=""https://en.wikipedia.org/wiki/Watchmen_(TV_series), https://tv.apple.com/us/show/watchmen/umc.cmc.4i6rlj629sgiel4bw9ta7oyxt"""
"=""Wayward Pines"""	"="""""	"=""series"""	"=""horror, monsters, mystery, science fiction"""	"=""2015-2016"""	"=""https://en.wikipedia.org/wiki/Wayward_Pines, https://tv.apple.com/us/show/wayward-pines/umc.cmc.1776qy2wk8f9i3pcs1y7uyi1t"""
"=""Weeds"""	"="""""	"=""series"""	"=""comedy, crime"""	"=""2005-2012"""	"=""https://en.wikipedia.org/wiki/Weeds_(TV_series), https://tv.apple.com/us/show/weeds/umc.cmc.4rk9qqv9502m7veq0xk99jj12"""
"=""Wild Style"""	"="""""	"=""movie"""	"=""music"""	"=""1983"""	"=""https://en.wikipedia.org/wiki/Wild_Style, https://tv.apple.com/us/movie/wild-style/umc.cmc.74wce1a8cgzyfgt765byzuxh"""
"=""Wild Wild Country"""	"="""""	"=""miniseries"""	"=""crime, documentary, nonfiction"""	"=""2018"""	"=""https://en.wikipedia.org/wiki/Wild_Wild_Country, https://www.netflix.com/title/80145240"""
"=""The Wire"""	"="""""	"=""series"""	"=""crime, drama"""	"=""2002-2008"""	"=""https://en.wikipedia.org/wiki/The_Wire, https://tv.apple.com/us/show/the-wire/umc.cmc.73x6fvjkh3m9uq42w1f97pxop"""
"=""The Wonder Years"""	"="""""	"=""series"""	"=""comedy, drama, high school"""	"=""1988-1993"""	"=""https://en.wikipedia.org/wiki/The_Wonder_Years, https://www.hulu.com/series/the-wonder-years-7929f400-5b51-4628-ba3f-90c9b4bf565e"""
"=""Workaholics"""	"="""""	"=""series"""	"=""comedy"""	"=""2011-2017"""	"=""https://en.wikipedia.org/wiki/Workaholics, https://tv.apple.com/us/show/workaholics/umc.cmc.1cm0pd6glnt4klv1hjqvxf1ge"""
"=""The X-Files"""	"=""The X-Files"""	"=""movie"""	"=""aliens, conspiracy, monsters, mystery, science fiction"""	"=""1998"""	"=""https://en.wikipedia.org/wiki/The_X-Files_(film), https://tv.apple.com/us/movie/the-x-files/umc.cmc.2rj5002509899s0qigdasp83a"""
"=""The X-Files"""	"=""The X-Files"""	"=""series"""	"=""aliens, conspiracy, monsters, mystery, science fiction"""	"=""1993-2002, 2016-2018"""	"=""https://en.wikipedia.org/wiki/The_X-Files, https://tv.apple.com/us/show/the-x-files/umc.cmc.69xg1matxeoyzkwenk39mlqnc"""
"=""The X-Files: I Want to Believe"""	"=""The X-Files"""	"=""movie"""	"=""aliens, conspiracy, monsters, mystery, science fiction"""	"=""2008"""	"=""https://en.wikipedia.org/wiki/The_X-Files%3A_I_Want_to_Believe, https://tv.apple.com/us/movie/the-x-files-i-want-to-believe/umc.cmc.735zpgjlf3gte3o4hi37vpg6u"""
"=""You're the Worst"""	"="""""	"=""series"""	"=""comedy, romance"""	"=""2014-2019"""	"=""https://en.wikipedia.org/wiki/You%27re_the_Worst, https://tv.apple.com/us/show/youre-the-worst/umc.cmc.1tm22s9y05150wiwsk5e7mdqw"""
"=""Z Nation"""	"="""""	"=""series"""	"=""comedy, horror, zombies"""	"=""2014-2018"""	"=""https://en.wikipedia.org/wiki/Z_Nation, https://tv.apple.com/us/show/z-nation/umc.cmc.bg8cierv5kcbrhsy65g49yr2"""